[{"cid":"348956d7fb9341c1877543423847f91b","width":"717px","height":"500px","top":"83px","left":"143px"},{"cid":"fafebef0d420415c8c116f4cf34d02a3","width":"321px","height":"294px","top":"1258px","left":"101px"},{"cid":"7e123cbcf6664d9dac208aff24e98b1b","width":"317px","height":"294px","top":"1252px","left":"759px"},{"cid":"3bf260d70b064dbc96859eaf33a058ba","width":"314px","height":"294px","top":"1251px","left":"433px"},{"cid":"8dde4f7f336049c28ea6ae5a2cc07dc0","width":"311px","height":"294px","top":"1254px","left":"1431px"},{"cid":"a9e66d76f2c44a8b997503323c1287a9","width":"317px","height":"294px","top":"1253px","left":"1083px"},{"cid":"be36eae3e55443888c586c3b504fa7e7","width":"1060px","height":"537px","top":"647px","left":"137px"},{"cid":"4cb70265ecb84409bb9b9a0051f650cd","width":"868px","height":"500px","top":"83px","left":"896px"},{"cid":"e3e79ce5057a4799aa0c219aa65c306a","width":"476px","height":"535px","top":"647px","left":"1242px"}]